N.data,max.segs,case,package,seconds_median,seconds_min,seconds_max,seconds_timings,computed.ends,valid.ends,loss
4,2,flat,binsegRcpp.list,0.0014396,0.0012393,0.0014985,5,3|4,3|4,0.579642248845364
4,2,flat,binsegRcpp.multiset,0.0012886,0.0011982,0.0013265,5,3|4,3|4,0.579642248845364
4,2,flat,changepoint,0.0004895,0.0004103,0.1203907,5,0|4,4,3.64426809684981
4,2,flat,fpop::multiBinSeg,6.79e-05,5.79e-05,0.0341815,5,3|4,3|4,0.579642248845364
4,2,flat,ruptures.cumsum,0.0009844,0.000946,0.001503,5,2|4,2|4,3.28278897490743
4,2,flat,ruptures.l2,0.0009548,0.0008976,0.0010506,5,4,4,3.64426809684981
4,2,flat,wbs::sbs,0.0009973,0.0009876,0.0367234,5,3|4,3|4,0.579642248845364
4,2,best,binsegRcpp.list,0.0012508,0.0011834,0.0017159,5,2|4,2|4,1
4,2,best,binsegRcpp.multiset,0.001285,0.0012215,0.0014378,5,2|4,2|4,1
4,2,best,changepoint,0.0005556,0.0004898,0.0006367,5,0|4,4,5
4,2,best,fpop::multiBinSeg,6.34e-05,5.93e-05,0.000136,5,2|4,2|4,1
4,2,best,ruptures.cumsum,0.0011187,0.0009875,0.0017309,5,2|4,2|4,1
4,2,best,ruptures.l2,0.0008801,0.0008504,0.0012845,5,4,4,5
4,2,best,wbs::sbs,0.0011004,0.0009706,0.0012427,5,2|4,2|4,1
4,2,worst,binsegRcpp.list,0.0011929,0.0011726,0.0012309,5,1|4,1|4,0.666666666666667
4,2,worst,binsegRcpp.multiset,0.0012162,0.0011664,0.0013459,5,1|4,1|4,0.666666666666667
4,2,worst,changepoint,0.0004363,0.000396,0.0004791,5,0|4,4,1
4,2,worst,fpop::multiBinSeg,5.65e-05,5.35e-05,7.04e-05,5,1|4,1|4,0.666666666666667
4,2,worst,ruptures.cumsum,0.000985,0.0009129,0.001163,5,2|4,2|4,1
4,2,worst,ruptures.l2,0.000881,0.0008229,0.0013999,5,4,4,1
4,2,worst,wbs::sbs,0.0009794,0.000958,0.001199,5,3|4,3|4,0.666666666666667
8,4,flat,binsegRcpp.list,0.0012469,0.0012229,0.001468,5,3|4|6|8,3|4|6|8,1.27233914272508
8,4,flat,binsegRcpp.multiset,0.0011927,0.0011774,0.0012643,5,3|4|6|8,3|4|6|8,1.27233914272508
8,4,flat,changepoint,0.0004665,0.0004366,0.0008573,5,2|3|5|8,2|3|5|8,2.53034610890258
8,4,flat,fpop::multiBinSeg,5.97e-05,4.78e-05,6.7e-05,5,3|4|6|8,3|4|6|8,1.27233914272508
8,4,flat,ruptures.cumsum,0.0010881,0.0010171,0.0011773,5,3|5|8,3|5|8,2.78185967370917
8,4,flat,ruptures.l2,0.001119,0.0010593,0.00117,5,3|8,3|8,3.60316835883042
8,4,flat,wbs::sbs,0.0009805,0.0009422,0.0010683,5,3|4|6|8,3|4|6|8,1.27233914272508
8,4,best,binsegRcpp.list,0.0011824,0.0011723,0.0012131,5,2|4|6|8,2|4|6|8,2
8,4,best,binsegRcpp.multiset,0.0011851,0.0011769,0.0012817,5,2|4|6|8,2|4|6|8,2
8,4,best,changepoint,0.0004493,0.0003986,0.000549,5,0|2|4|8,2|4|8,6
8,4,best,fpop::multiBinSeg,6.78e-05,5.63e-05,7.47e-05,5,2|4|6|8,2|4|6|8,2
8,4,best,ruptures.cumsum,0.0011478,0.0011205,0.001365,5,2|4|6|8,2|4|6|8,2
8,4,best,ruptures.l2,0.0011465,0.0011111,0.0011698,5,4|8,4|8,10
8,4,best,wbs::sbs,0.0009998,0.0009574,0.0012357,5,2|4|6|8,2|4|6|8,2
8,4,worst,binsegRcpp.list,0.0012565,0.0011784,0.0015239,5,1|2|7|8,1|2|7|8,1.2
8,4,worst,binsegRcpp.multiset,0.0012303,0.0011818,0.0014412,5,1|2|7|8,1|2|7|8,1.2
8,4,worst,changepoint,0.0004982,0.0003967,0.0005075,5,0|0|0|8,8,2
8,4,worst,fpop::multiBinSeg,6.95e-05,6.06e-05,0.000122,5,1|2|7|8,1|2|7|8,1.2
8,4,worst,ruptures.cumsum,0.0010781,0.0010561,0.0014183,5,3|5|8,3|5|8,1.83333333333333
8,4,worst,ruptures.l2,0.0011011,0.0010718,0.0016084,5,5|8,5|8,1.86666666666667
8,4,worst,wbs::sbs,0.0010185,0.0009449,0.0012974,5,1|6|7|8,1|6|7|8,1.2
16,8,flat,binsegRcpp.list,0.0012005,0.00118,0.0013613,5,3|4|6|12|13|14|15|16,3|4|6|12|13|14|15|16,2.96168012350346
16,8,flat,binsegRcpp.multiset,0.0012467,0.0011994,0.0015216,5,3|4|6|12|13|14|15|16,3|4|6|12|13|14|15|16,2.96168012350346
16,8,flat,changepoint,0.0004186,0.0004117,0.0005285,5,2|3|5|9|10|11|12|16,2|3|5|9|10|11|12|16,8.46348932695632
16,8,flat,fpop::multiBinSeg,6.56e-05,5.95e-05,8.13e-05,5,3|4|6|12|13|14|15|16,3|4|6|12|13|14|15|16,2.96168012350346
16,8,flat,ruptures.cumsum,0.0017061,0.0016602,0.0017414,5,3|5|7|10|12|14|16,3|5|7|10|12|14|16,5.44999008828562
16,8,flat,ruptures.l2,0.0022295,0.0021535,0.0023471,5,3|6|9|12|16,3|6|9|12|16,11.0010797641395
16,8,flat,wbs::sbs,0.001038,0.0009419,0.0011706,5,3|4|6|12|13|14|15|16,3|4|6|12|13|14|15|16,2.96168012350346
16,8,best,binsegRcpp.list,0.0012952,0.0012407,0.001339,5,2|4|6|8|10|12|14|16,2|4|6|8|10|12|14|16,4
16,8,best,binsegRcpp.multiset,0.0012341,0.0011934,0.0014541,5,2|4|6|8|10|12|14|16,2|4|6|8|10|12|14|16,4
16,8,best,changepoint,0.0005525,0.0004846,0.000642,5,0|2|4|6|8|10|12|16,2|4|6|8|10|12|16,8
16,8,best,fpop::multiBinSeg,6.22e-05,5.24e-05,7.85e-05,5,2|4|6|8|10|12|14|16,2|4|6|8|10|12|14|16,4
16,8,best,ruptures.cumsum,0.0016552,0.0016245,0.0019229,5,2|4|6|8|10|12|14|16,2|4|6|8|10|12|14|16,4
16,8,best,ruptures.l2,0.0021059,0.0019402,0.0022342,5,4|8|12|16,4|8|12|16,20
16,8,best,wbs::sbs,0.0010519,0.000999,0.001218,5,2|4|6|8|10|12|14|16,2|4|6|8|10|12|14|16,4
16,8,worst,binsegRcpp.list,0.0012518,0.0011872,0.0013999,5,1|2|3|4|5|6|7|16,1|2|3|4|5|6|7|16,2.22222222222222
16,8,worst,binsegRcpp.multiset,0.0012824,0.0011878,0.0012973,5,1|2|3|4|5|6|7|16,1|2|3|4|5|6|7|16,2.22222222222222
16,8,worst,changepoint,0.0005045,0.0004763,0.0005477,5,0|0|0|0|0|0|0|16,16,4
16,8,worst,fpop::multiBinSeg,7.67e-05,6.2e-05,0.0001245,5,1|2|3|4|5|6|7|16,1|2|3|4|5|6|7|16,2.22222222222222
16,8,worst,ruptures.cumsum,0.0016476,0.0015877,0.0017115,5,2|4|7|10|13|16,2|4|7|10|13|16,3.66666666666667
16,8,worst,ruptures.l2,0.0023694,0.0022808,0.0026392,5,3|6|10|13|16,3|6|10|13|16,3.66666666666667
16,8,worst,wbs::sbs,0.0009543,0.0009392,0.0010295,5,1|2|11|12|13|14|15|16,1|2|11|12|13|14|15|16,2.22222222222222
32,16,flat,binsegRcpp.list,0.0012655,0.0012068,0.0015303,5,3|4|5|6|10|11|12|13|14|23|24|27|28|29|31|32,3|4|5|6|10|11|12|13|14|23|24|27|28|29|31|32,3.67103450674332
32,16,flat,binsegRcpp.multiset,0.0012976,0.0012167,0.0018285,5,3|4|5|6|10|11|12|13|14|23|24|27|28|29|31|32,3|4|5|6|10|11|12|13|14|23|24|27|28|29|31|32,3.67103450674332
32,16,flat,changepoint,0.0005729,0.0004727,0.000628,5,0|0|0|0|0|0|0|0|0|0|0|0|0|0|0|32,32,26.3918422264509
32,16,flat,fpop::multiBinSeg,7.14e-05,6.28e-05,8.91e-05,5,3|4|5|6|10|11|12|13|14|23|24|27|28|29|31|32,3|4|5|6|10|11|12|13|14|23|24|27|28|29|31|32,3.67103450674332
32,16,flat,ruptures.cumsum,0.0029941,0.0029406,0.0030679,5,3|5|7|10|12|14|17|19|21|23|25|27|29|32,3|5|7|10|12|14|17|19|21|23|25|27|29|32,10.9657482670358
32,16,flat,ruptures.l2,0.0048443,0.0046033,0.0050765,5,3|7|11|14|17|20|23|26|29|32,3|7|11|14|17|20|23|26|29|32,15.6945015310496
32,16,flat,wbs::sbs,0.0010956,0.0010136,0.0012175,5,3|4|5|6|9|10|12|13|14|23|24|27|28|29|31|32,3|4|5|6|9|10|12|13|14|23|24|27|28|29|31|32,3.68491563831313
32,16,best,binsegRcpp.list,0.0014172,0.0012221,0.0020633,5,2|4|6|8|10|12|14|16|18|20|22|24|26|28|30|32,2|4|6|8|10|12|14|16|18|20|22|24|26|28|30|32,8
32,16,best,binsegRcpp.multiset,0.0013097,0.001197,0.0014341,5,2|4|6|8|10|12|14|16|18|20|22|24|26|28|30|32,2|4|6|8|10|12|14|16|18|20|22|24|26|28|30|32,8
32,16,best,changepoint,0.0006439,0.0005785,0.0010035,5,0|2|4|6|8|10|12|14|16|18|20|22|24|26|28|32,2|4|6|8|10|12|14|16|18|20|22|24|26|28|32,12
32,16,best,fpop::multiBinSeg,7.22e-05,6.73e-05,0.0001105,5,2|4|6|8|10|12|14|16|18|20|22|24|26|28|30|32,2|4|6|8|10|12|14|16|18|20|22|24|26|28|30|32,8
32,16,best,ruptures.cumsum,0.0030642,0.0028688,0.0034021,5,2|4|6|8|10|12|14|16|18|20|22|24|26|28|30|32,2|4|6|8|10|12|14|16|18|20|22|24|26|28|30|32,8
32,16,best,ruptures.l2,0.0043572,0.0043105,0.0045097,5,4|8|12|16|20|24|28|32,4|8|12|16|20|24|28|32,40
32,16,best,wbs::sbs,0.0010137,0.0009488,0.0015336,5,2|4|6|8|10|12|14|16|18|20|22|24|26|28|30|32,2|4|6|8|10|12|14|16|18|20|22|24|26|28|30|32,8
32,16,worst,binsegRcpp.list,0.0013067,0.0012764,0.0017397,5,1|2|3|4|5|6|7|8|9|10|11|12|13|14|31|32,1|2|3|4|5|6|7|8|9|10|11|12|13|14|31|32,4.23529411764706
32,16,worst,binsegRcpp.multiset,0.0013175,0.0012124,0.0013423,5,1|2|3|4|5|6|7|8|9|10|11|12|13|14|31|32,1|2|3|4|5|6|7|8|9|10|11|12|13|14|31|32,4.23529411764706
32,16,worst,changepoint,0.0005238,0.0004216,0.0005853,5,0|0|0|0|0|0|0|0|0|0|0|0|0|0|0|32,32,8
32,16,worst,fpop::multiBinSeg,6.83e-05,5.52e-05,8.18e-05,5,1|2|3|4|5|6|7|8|9|10|11|12|13|14|15|32,1|2|3|4|5|6|7|8|9|10|11|12|13|14|15|32,4.23529411764706
32,16,worst,ruptures.cumsum,0.003565,0.0035464,0.0040964,5,3|6|8|11|14|17|20|23|26|29|32,3|6|8|11|14|17|20|23|26|29|32,7.16666666666667
32,16,worst,ruptures.l2,0.0071479,0.0070746,0.007432,5,5|8|11|14|17|20|23|26|29|32,5|8|11|14|17|20|23|26|29|32,7.2
32,16,worst,wbs::sbs,0.0010345,0.0009649,0.0011149,5,1|2|3|4|5|6|7|8|9|26|27|28|29|30|31|32,1|2|3|4|5|6|7|8|9|26|27|28|29|30|31|32,4.23529411764706
64,32,flat,binsegRcpp.list,0.0013574,0.0012603,0.0015621,5,3|4|5|6|12|13|14|15|17|22|23|24|27|28|29|31|34|35|38|40|42|44|46|51|52|53|54|56|58|60|61|64,3|4|5|6|12|13|14|15|17|22|23|24|27|28|29|31|34|35|38|40|42|44|46|51|52|53|54|56|58|60|61|64,5.03816148579865
64,32,flat,binsegRcpp.multiset,0.0012209,0.0012122,0.0013314,5,3|4|5|6|12|13|14|15|17|22|23|24|27|28|29|31|34|35|38|40|42|44|46|51|52|53|54|56|58|60|61|64,3|4|5|6|12|13|14|15|17|22|23|24|27|28|29|31|34|35|38|40|42|44|46|51|52|53|54|56|58|60|61|64,5.03816148579865
64,32,flat,changepoint,0.0007351,0.0006798,0.000827,5,3|23|29|30|31|32|33|34|36|37|38|40|41|42|43|44|45|46|47|48|49|50|51|52|53|54|56|57|58|59|60|64,3|23|29|30|31|32|33|34|36|37|38|40|41|42|43|44|45|46|47|48|49|50|51|52|53|54|56|57|58|59|60|64,24.3604950863413
64,32,flat,fpop::multiBinSeg,0.0001085,8.43e-05,0.0001289,5,2|3|4|5|6|9|10|11|12|13|14|15|17|22|23|24|25|27|28|29|31|34|35|38|40|53|54|56|58|60|61|64,2|3|4|5|6|9|10|11|12|13|14|15|17|22|23|24|25|27|28|29|31|34|35|38|40|53|54|56|58|60|61|64,5.97793141490375
64,32,flat,ruptures.cumsum,0.0069067,0.0066794,0.0069931,5,3|5|7|10|12|14|17|19|22|24|27|29|31|34|37|40|42|44|46|49|51|54|56|58|61|64,3|5|7|10|12|14|17|19|22|24|27|29|31|34|37|40|42|44|46|49|51|54|56|58|61|64,16.3909623429092
64,32,flat,ruptures.l2,0.0130305,0.0127316,0.0145695,5,3|6|9|12|17|22|26|29|33|37|40|43|46|51|54|57|60|64,3|6|9|12|17|22|26|29|33|37|40|43|46|51|54|57|60|64,30.3849653782213
64,32,flat,wbs::sbs,0.0010318,0.0009926,0.0012337,5,3|4|5|6|12|13|14|15|17|22|23|24|27|28|29|31|34|35|38|40|42|44|46|51|52|53|54|56|58|60|61|64,3|4|5|6|12|13|14|15|17|22|23|24|27|28|29|31|34|35|38|40|42|44|46|51|52|53|54|56|58|60|61|64,5.03816148579865
64,32,best,binsegRcpp.list,0.0013997,0.0012034,0.0015226,5,2|4|6|8|10|12|14|16|18|20|22|24|26|28|30|32|34|36|38|40|42|44|46|48|50|52|54|56|58|60|62|64,2|4|6|8|10|12|14|16|18|20|22|24|26|28|30|32|34|36|38|40|42|44|46|48|50|52|54|56|58|60|62|64,16
64,32,best,binsegRcpp.multiset,0.0014425,0.0012821,0.002037,5,2|4|6|8|10|12|14|16|18|20|22|24|26|28|30|32|34|36|38|40|42|44|46|48|50|52|54|56|58|60|62|64,2|4|6|8|10|12|14|16|18|20|22|24|26|28|30|32|34|36|38|40|42|44|46|48|50|52|54|56|58|60|62|64,16
64,32,best,changepoint,0.0008969,0.0008263,0.0012251,5,0|2|4|6|8|10|12|14|16|18|20|22|24|26|28|30|32|34|36|38|40|42|44|46|48|50|52|54|56|58|60|64,2|4|6|8|10|12|14|16|18|20|22|24|26|28|30|32|34|36|38|40|42|44|46|48|50|52|54|56|58|60|64,20
64,32,best,fpop::multiBinSeg,9.03e-05,7.68e-05,0.0001317,5,2|4|6|8|10|12|14|16|18|20|22|24|26|28|30|32|34|36|38|40|42|44|46|48|50|52|54|56|58|60|62|64,2|4|6|8|10|12|14|16|18|20|22|24|26|28|30|32|34|36|38|40|42|44|46|48|50|52|54|56|58|60|62|64,16
64,32,best,ruptures.cumsum,0.0064881,0.0062193,0.0074561,5,2|4|6|8|10|12|14|16|18|20|22|24|26|28|30|32|34|36|38|40|42|44|46|48|50|52|54|56|58|60|62|64,2|4|6|8|10|12|14|16|18|20|22|24|26|28|30|32|34|36|38|40|42|44|46|48|50|52|54|56|58|60|62|64,16
64,32,best,ruptures.l2,0.0112304,0.0104229,0.011269,5,4|8|12|16|20|24|28|32|36|40|44|48|52|56|60|64,4|8|12|16|20|24|28|32|36|40|44|48|52|56|60|64,80
64,32,best,wbs::sbs,0.0013853,0.0010404,0.0017493,5,2|4|6|8|10|12|14|16|18|20|22|24|26|28|30|32|34|36|38|40|42|44|46|48|50|52|54|56|58|60|62|64,2|4|6|8|10|12|14|16|18|20|22|24|26|28|30|32|34|36|38|40|42|44|46|48|50|52|54|56|58|60|62|64,16
64,32,worst,binsegRcpp.list,0.0014507,0.0012484,0.0014818,5,1|2|3|4|5|6|7|8|9|10|11|12|13|14|15|16|17|18|19|20|21|22|23|24|25|26|27|28|61|62|63|64,1|2|3|4|5|6|7|8|9|10|11|12|13|14|15|16|17|18|19|20|21|22|23|24|25|26|27|28|61|62|63|64,8.24242424242424
64,32,worst,binsegRcpp.multiset,0.0013158,0.0012436,0.0014237,5,1|2|3|4|5|6|7|8|9|10|11|12|13|14|15|16|17|18|19|20|21|22|23|24|25|26|27|28|61|62|63|64,1|2|3|4|5|6|7|8|9|10|11|12|13|14|15|16|17|18|19|20|21|22|23|24|25|26|27|28|61|62|63|64,8.24242424242424
64,32,worst,changepoint,0.00068,0.0004951,0.0007576,5,0|0|0|0|0|0|0|0|0|0|0|0|0|0|0|0|0|0|0|0|0|0|0|0|0|0|0|0|0|0|0|64,64,16
64,32,worst,fpop::multiBinSeg,0.000116,8.81e-05,0.0001341,5,1|2|3|4|5|6|7|8|9|10|11|12|13|14|15|16|17|18|19|20|21|22|23|24|25|26|27|28|29|30|63|64,1|2|3|4|5|6|7|8|9|10|11|12|13|14|15|16|17|18|19|20|21|22|23|24|25|26|27|28|29|30|63|64,8.24242424242424
64,32,worst,ruptures.cumsum,0.0119405,0.0117885,0.0144549,5,3|6|9|12|15|18|21|24|27|30|34|37|40|43|46|49|52|55|58|61|64,3|6|9|12|15|18|21|24|27|30|34|37|40|43|46|49|52|55|58|61|64,14.3333333333333
64,32,worst,ruptures.l2,0.0291062,0.0277386,0.0312091,5,3|6|9|12|15|18|21|24|27|30|34|37|40|43|46|49|52|55|58|61|64,3|6|9|12|15|18|21|24|27|30|34|37|40|43|46|49|52|55|58|61|64,14.3333333333333
64,32,worst,wbs::sbs,0.0010412,0.0010097,0.0012347,5,1|2|3|4|5|6|7|8|9|10|11|12|13|46|47|48|49|50|51|52|53|54|55|56|57|58|59|60|61|62|63|64,1|2|3|4|5|6|7|8|9|10|11|12|13|46|47|48|49|50|51|52|53|54|55|56|57|58|59|60|61|62|63|64,8.24242424242424
128,64,flat,binsegRcpp.list,0.0014687,0.0013379,0.0017538,5,,,8.85271342541443
128,64,flat,binsegRcpp.multiset,0.0013711,0.0013342,0.0015724,5,,,8.85271342541443
128,64,flat,changepoint,0.0008374,0.0007388,0.0008873,5,,,95.0205345016953
128,64,flat,fpop::multiBinSeg,0.0001098,0.0001048,0.0001206,5,,,8.85271342541443
128,64,flat,ruptures.cumsum,0.0213356,0.0208574,0.0219616,5,,,33.8192919835785
128,64,flat,ruptures.l2,0.0537515,0.051535,0.0579185,5,,,50.872944160453
128,64,flat,wbs::sbs,0.0011851,0.0010828,0.0013436,5,,,8.85271342541443
128,64,best,binsegRcpp.list,0.0012551,0.0012189,0.0013747,5,,,32
128,64,best,binsegRcpp.multiset,0.0014078,0.0012274,0.0015914,5,,,32
128,64,best,changepoint,0.001295,0.0011597,0.0013869,5,,,36
128,64,best,fpop::multiBinSeg,0.0001097,9.36e-05,0.0001802,5,,,32
128,64,best,ruptures.cumsum,0.014258,0.01372,0.0166369,5,,,32
128,64,best,ruptures.l2,0.0268948,0.0263317,0.0287357,5,,,160
128,64,best,wbs::sbs,0.0010591,0.0009738,0.0012731,5,,,32
128,64,worst,binsegRcpp.list,0.0015048,0.0013934,0.0017178,5,,,16.2461538461538
128,64,worst,binsegRcpp.multiset,0.0014093,0.0013709,0.0017075,5,,,16.2461538461538
128,64,worst,changepoint,0.0007754,0.0006932,0.0008191,5,,,32
128,64,worst,fpop::multiBinSeg,0.0001435,0.0001336,0.0002022,5,,,16.2461538461538
128,64,worst,ruptures.cumsum,0.0454593,0.0429864,0.046391,5,,,28.5
128,64,worst,ruptures.l2,0.11255,0.1121407,0.1184577,5,,,28.5333333333333
128,64,worst,wbs::sbs,0.0012309,0.0011093,0.0013848,5,,,16.2461538461538
256,128,flat,binsegRcpp.list,0.0015079,0.0013121,0.0015914,5,,,20.644192640638
256,128,flat,binsegRcpp.multiset,0.0015082,0.001339,0.0016356,5,,,20.644192640638
256,128,flat,changepoint,0.0015733,0.0015208,0.0016374,5,,,232.638799458241
256,128,flat,fpop::multiBinSeg,0.0002046,0.0001565,0.0002178,5,,,22.201969947518
256,128,flat,ruptures.cumsum,0.037325,0.0368468,0.039988,5,,,90.2122368309266
256,128,flat,ruptures.l2,0.0749534,0.0745939,0.0788137,5,,,136.312792080165
256,128,flat,wbs::sbs,0.0010979,0.0010651,0.001303,5,,,20.644192640638
256,128,best,binsegRcpp.list,0.0015721,0.0013409,0.0017273,5,,,64
256,128,best,binsegRcpp.multiset,0.0013163,0.0012853,0.0015859,5,,,64
256,128,best,changepoint,0.0028196,0.0027264,0.0031181,5,,,68
256,128,best,fpop::multiBinSeg,0.0001579,0.0001457,0.000164,5,,,64
256,128,best,ruptures.cumsum,0.0324211,0.0320893,0.0335139,5,,,64
256,128,best,ruptures.l2,0.0648292,0.0633294,0.0659711,5,,,320
256,128,best,wbs::sbs,0.0011379,0.0010521,0.0013018,5,,,64
256,128,worst,binsegRcpp.list,0.0016222,0.0015192,0.0019602,5,,,32.2480620155039
256,128,worst,binsegRcpp.multiset,0.0016722,0.0016246,0.0017465,5,,,32.2480620155039
256,128,worst,changepoint,0.0014607,0.0013903,0.0015854,5,,,64
256,128,worst,fpop::multiBinSeg,0.0003067,0.0002976,0.0004103,5,,,32.2480620155039
256,128,worst,ruptures.cumsum,0.1843534,0.1805695,0.1874185,5,,,57
256,128,worst,ruptures.l2,0.4611556,0.4509387,0.4690862,5,,,57
256,128,worst,wbs::sbs,0.0017085,0.0013896,0.0017309,5,,,32.2480620155039
512,256,flat,binsegRcpp.list,0.0016093,0.0014956,0.0017214,5,,,52.9844415706171
512,256,flat,binsegRcpp.multiset,0.0016756,0.0014287,0.0019994,5,,,52.9844415706171
512,256,flat,changepoint,0.0109667,0.010665,0.0113316,5,,,226.34521624029
512,256,flat,fpop::multiBinSeg,0.0002847,0.0002794,0.0003957,5,,,56.2593212283968
512,256,flat,ruptures.cumsum,0.149682,0.1466894,0.1522428,5,,,195.554478264378
512,256,flat,ruptures.l2,0.2712682,0.2636604,0.2795416,5,,,283.552829580225
512,256,flat,wbs::sbs,0.0013012,0.0011876,0.0015801,5,,,52.9844415706171
512,256,best,binsegRcpp.list,0.0015536,0.001423,0.0019084,5,,,128
512,256,best,binsegRcpp.multiset,0.0015919,0.0013873,0.002168,5,,,128
512,256,best,changepoint,0.0097875,0.0097721,0.0101199,5,,,132
512,256,best,fpop::multiBinSeg,0.0002644,0.0002478,0.00033,5,,,128
512,256,best,ruptures.cumsum,0.0834409,0.0794535,0.0884569,5,,,128
512,256,best,ruptures.l2,0.1577135,0.1555971,0.1597524,5,,,640
512,256,best,wbs::sbs,0.0013025,0.0011498,0.001399,5,,,128
512,256,worst,binsegRcpp.list,0.0025443,0.0024247,0.0027961,5,,,64.2490272373541
512,256,worst,binsegRcpp.multiset,0.0027254,0.0025059,0.0029489,5,,,64.2490272373541
512,256,worst,changepoint,0.0045642,0.004459,0.0048007,5,,,128
512,256,worst,fpop::multiBinSeg,0.0009749,0.0009575,0.001064,5,,,64.2490272373541
512,256,worst,ruptures.cumsum,0.6958834,0.678157,0.7098311,5,,,113.833333333333
512,256,worst,ruptures.l2,1.8982642,1.852793,1.9285927,5,,,113.866666666667
512,256,worst,wbs::sbs,0.0026749,0.002466,0.0027904,5,,,64.2490272373541
1024,512,flat,binsegRcpp.list,0.002212,0.0020041,0.0023943,5,,,121.185583478381
1024,512,flat,binsegRcpp.multiset,0.0020377,0.0017421,0.003239,5,,,121.185583478381
1024,512,flat,changepoint,0.0482217,0.0475151,0.0492069,5,,,455.470367108046
1024,512,flat,fpop::multiBinSeg,0.0005343,0.0005152,0.0005598,5,,,133.170921395355
1024,512,flat,ruptures.cumsum,0.3916781,0.3861902,0.408511,5,,,424.406769181225
1024,512,flat,ruptures.l2,0.8364529,0.8027896,0.8526758,5,,,616.627809623423
1024,512,flat,wbs::sbs,0.0015671,0.0014724,0.0017797,5,,,121.185583478381
1024,512,best,binsegRcpp.list,0.0023703,0.0020129,0.0033588,5,,,256
1024,512,best,binsegRcpp.multiset,0.0019232,0.0016838,0.0137713,5,,,256
1024,512,best,changepoint,0.0448447,0.0444419,0.0453303,5,,,260
1024,512,best,fpop::multiBinSeg,0.0005449,0.0004885,0.0005594,5,,,256
1024,512,best,ruptures.cumsum,0.2056531,0.1959393,0.2111375,5,,,256
1024,512,best,ruptures.l2,0.3875359,0.3793537,0.4261125,5,,,1280
1024,512,best,wbs::sbs,0.0015617,0.0012765,0.0018153,5,,,256
1024,512,worst,binsegRcpp.list,0.006136,0.0059164,0.0064161,5,,,128.249512670565
1024,512,worst,binsegRcpp.multiset,0.0061236,0.0059321,0.0064971,5,,,128.249512670565
1024,512,worst,changepoint,0.0260125,0.0254851,0.0262223,5,,,256
1024,512,worst,fpop::multiBinSeg,0.003519,0.0034561,0.0035411,5,,,128.249512670565
1024,512,worst,ruptures.cumsum,2.962682,2.878366,2.9796803,5,,,227.666666666667
1024,512,worst,ruptures.l2,7.7951848,7.7449953,7.9285207,5,,,227.666666666667
1024,512,worst,wbs::sbs,0.0069749,0.0068359,0.0071784,5,,,128.249512670565
2048,1024,flat,binsegRcpp.list,0.0033531,0.0033135,0.0036245,5,,,226.439121322371
2048,1024,flat,binsegRcpp.multiset,0.002597,0.0024339,0.0027049,5,,,226.439121322371
2048,1024,flat,changepoint,0.2842196,0.2705043,0.2907663,5,,,992.789788825221
2048,1024,flat,fpop::multiBinSeg,0.0011767,0.0011402,0.0012882,5,,,230.44896282497
2048,1024,flat,ruptures.cumsum,1.1492419,1.1296783,1.1838584,5,,,832.590418268041
2048,1024,flat,ruptures.l2,2.5641263,2.5208928,2.6065573,5,,,1208.40147355462
2048,1024,flat,wbs::sbs,0.0024986,0.0024045,0.0025556,5,,,226.439121322371
2048,1024,best,binsegRcpp.list,0.0038217,0.0037165,0.0040441,5,,,512
2048,1024,best,binsegRcpp.multiset,0.002126,0.0019928,0.0023911,5,,,512
2048,1024,best,changepoint,0.2635308,0.2530937,0.2714293,5,,,516
2048,1024,best,fpop::multiBinSeg,0.0009814,0.0009197,0.0009924,5,,,512
2048,1024,best,ruptures.cumsum,0.5193848,0.5139086,0.5424871,5,,,512
2048,1024,best,ruptures.l2,0.8968251,0.869098,0.9015369,5,,,2560
2048,1024,best,wbs::sbs,0.00207,0.0018558,0.0021521,5,,,512
2048,1024,worst,binsegRcpp.list,0.0199954,0.0196953,0.0205113,5,,,256.249756097561
2048,1024,worst,binsegRcpp.multiset,0.0198858,0.019781,0.0204088,5,,,256.249756097561
2048,1024,worst,changepoint,0.2018469,0.1930665,0.3899773,5,,,512
2048,1024,worst,fpop::multiBinSeg,0.0135578,0.0134141,0.0136946,5,,,256.249756097561
2048,1024,worst,ruptures.cumsum,11.0546491,10.9511211,13.7830611,5,,,455.166666666667
2048,1024,worst,ruptures.l2,32.7788791,32.3576335,33.89333,5,,,455.2
2048,1024,worst,wbs::sbs,0.0240728,0.0239166,0.0246843,5,,,256.249756097561
4096,2048,flat,binsegRcpp.list,0.0082315,0.0078379,0.0090552,5,,,411.019181286764
4096,2048,flat,binsegRcpp.multiset,0.004808,0.0045685,0.0048673,5,,,411.019181286764
4096,2048,flat,changepoint,1.6176477,1.403938,1.795058,5,,,4381.45051705616
4096,2048,flat,fpop::multiBinSeg,0.002268,0.0021828,0.002379,5,,,431.735575385428
4096,2048,flat,ruptures.cumsum,2.5960041,2.533898,2.823214,5,,,1589.73097576679
4096,2048,flat,ruptures.l2,5.1104984,5.0766183,5.123243,5,,,2325.79488060245
4096,2048,flat,wbs::sbs,0.004521,0.0042985,0.0046792,5,,,411.019181286764
4096,2048,best,binsegRcpp.list,0.0129952,0.0128714,0.0131974,5,,,1024
4096,2048,best,binsegRcpp.multiset,0.0037492,0.0036231,0.00392,5,,,1024
4096,2048,best,changepoint,1.6684442,1.6501198,1.8751953,5,,,1028
4096,2048,best,fpop::multiBinSeg,0.0019109,0.0018354,0.0019344,5,,,1024
4096,2048,best,ruptures.cumsum,1.4494099,1.4282467,1.5128887,5,,,1024
4096,2048,best,ruptures.l2,2.1176461,2.0917172,2.1490142,5,,,5120
4096,2048,best,wbs::sbs,0.0036082,0.0029908,0.0037541,5,,,1024
4096,2048,worst,binsegRcpp.list,0.0756785,0.0755899,0.0766972,5,,,512.249877989263
4096,2048,worst,binsegRcpp.multiset,0.0757386,0.074899,0.0760536,5,,,512.249877989263
4096,2048,worst,changepoint,1.4039315,1.3714647,1.5826081,5,,,1024
4096,2048,worst,fpop::multiBinSeg,0.0524933,0.0522247,0.0530651,5,,,512.249877989263
4096,2048,worst,ruptures.cumsum,46.7130103,46.094211,46.962125,5,,,910.333333333333
4096,2048,worst,ruptures.l2,137.309002,136.5649812,146.1680286,5,,,910.333333333333
4096,2048,worst,wbs::sbs,0.090784,0.0904476,0.0911058,5,,,512.249877989263
8192,4096,flat,binsegRcpp.list,0.0290979,0.0282995,0.0305209,5,,,801.442367919894
8192,4096,flat,binsegRcpp.multiset,0.008695,0.008078,0.0089735,5,,,801.442367919894
8192,4096,flat,changepoint,10.8419279,10.7991187,11.2710882,5,,,8462.50484702005
8192,4096,flat,fpop::multiBinSeg,0.0051006,0.0050115,0.0052685,5,,,862.708640759052
8192,4096,flat,ruptures.cumsum,7.8250542,7.7145861,7.8690168,5,,,3015.90061246267
8192,4096,flat,ruptures.l2,14.7846553,14.7609614,15.1877644,5,,,4361.81364717971
8192,4096,flat,wbs::sbs,0.0073899,0.0071703,0.0078902,5,,,801.442367919894
8192,4096,best,binsegRcpp.list,0.0561191,0.0546524,0.0574429,5,,,2048
8192,4096,best,binsegRcpp.multiset,0.0056418,0.0050094,0.0066125,5,,,2048
8192,4096,best,changepoint,11.8020405,11.6278827,12.0247455,5,,,2052
8192,4096,best,fpop::multiBinSeg,0.0038558,0.0036528,0.0041716,5,,,2048
8192,4096,best,ruptures.cumsum,4.3772111,4.2994423,4.5549069,5,,,2048
8192,4096,best,ruptures.l2,5.1435277,5.0921094,5.2185514,5,,,10240
8192,4096,best,wbs::sbs,0.004347,0.0038743,0.0211362,5,,,2048
8192,4096,worst,binsegRcpp.list,0.2962267,0.2931894,0.3036718,5,,,1024.24993897974
8192,4096,worst,binsegRcpp.multiset,0.2954191,0.2947512,0.3259426,5,,,1024.24993897974
8192,4096,worst,changepoint,10.8759129,10.8194536,10.9950488,5,,,2048
8192,4096,worst,fpop::multiBinSeg,0.2122129,0.2106294,0.2187016,5,,,1024.24993897974
8192,4096,worst,ruptures.cumsum,180.335152,179.3439391,181.0690841,5,,,1820.5
8192,4096,worst,wbs::sbs,0.3547667,0.3533036,0.3613916,5,,,1024.24993897974
16384,8192,flat,binsegRcpp.list,0.1660301,0.1573946,0.1726021,5,,,1542.55827647958
16384,8192,flat,binsegRcpp.multiset,0.0304461,0.0291918,0.0364312,5,,,1542.55827647958
16384,8192,flat,changepoint,90.5454241,89.6533876,96.3276773,5,,,7815.5550914755
16384,8192,flat,fpop::multiBinSeg,0.0163208,0.0157842,0.0199483,5,,,1617.87335053578
16384,8192,flat,ruptures.cumsum,37.8852616,30.7630126,38.8464755,5,,,5825.21605477727
16384,8192,flat,ruptures.l2,227.4613839,65.1888354,255.1439987,5,,,8493.54723829173
16384,8192,flat,wbs::sbs,0.0227506,0.0216612,0.0271607,5,,,1542.55827647958
16384,8192,best,binsegRcpp.list,0.2560173,0.2518311,0.2807314,5,,,4096
16384,8192,best,binsegRcpp.multiset,0.0208383,0.0190784,0.0266638,5,,,4096
16384,8192,best,changepoint,95.0035211,93.2810014,96.8200187,5,,,4100
16384,8192,best,fpop::multiBinSeg,0.0104414,0.0085374,0.0114544,5,,,4096
16384,8192,best,ruptures.cumsum,21.3510678,17.6839013,22.4544718,5,,,4096
16384,8192,best,ruptures.l2,44.9992761,15.640238,47.5508096,5,,,20480
16384,8192,best,wbs::sbs,0.0141906,0.0123543,0.0212747,5,,,4096
16384,8192,worst,binsegRcpp.list,1.1749636,1.1712422,1.4024121,5,,,2048.24996948615
16384,8192,worst,binsegRcpp.multiset,1.2735626,1.1717717,1.3810682,5,,,2048.24996948615
16384,8192,worst,changepoint,89.1336981,87.4283575,90.6820514,5,,,4096
16384,8192,worst,fpop::multiBinSeg,0.927196,0.8447598,0.9645032,5,,,2048.24996948615
16384,8192,worst,wbs::sbs,1.4110823,1.4092497,1.5140694,5,,,2048.24996948615
32768,16384,flat,binsegRcpp.list,0.6424186,0.6390738,0.6651553,5,,,3102.4822419985
32768,16384,flat,binsegRcpp.multiset,0.0586442,0.0581184,0.0591868,5,,,3102.4822419985
32768,16384,flat,changepoint,666.1549018,659.1927866,683.4704243,5,,,33064.7798774295
32768,16384,flat,fpop::multiBinSeg,0.0287011,0.0283813,0.0319335,5,,,3240.97100857042
32768,16384,flat,ruptures.cumsum,92.8351324,87.2868024,116.0095777,5,,,11790.2243949839
32768,16384,flat,wbs::sbs,0.0366485,0.0355233,0.0463462,5,,,3102.4822419985
32768,16384,best,binsegRcpp.list,0.9423039,0.9380273,0.9913471,5,,,8192
32768,16384,best,binsegRcpp.multiset,0.0405177,0.023441,0.0584522,5,,,8192
32768,16384,best,changepoint,683.8613807,678.2449128,712.9392645,5,,,8196
32768,16384,best,fpop::multiBinSeg,0.0270749,0.0200565,0.0279157,5,,,8192
32768,16384,best,ruptures.cumsum,89.8969143,85.0837604,124.3908077,5,,,8192
32768,16384,best,ruptures.l2,182.3276887,45.2490979,202.6367636,5,,,40960
32768,16384,best,wbs::sbs,0.026294,0.017556,0.0290979,5,,,8192
32768,16384,worst,binsegRcpp.list,4.6690721,4.6362985,5.244368,5,,,4096.24998474214
32768,16384,worst,binsegRcpp.multiset,4.6483006,4.6404476,5.415732,5,,,4096.24998474214
32768,16384,worst,changepoint,675.3273984,668.5899267,708.7177725,5,,,8192
32768,16384,worst,fpop::multiBinSeg,3.3690326,3.3647841,3.722436,5,,,4096.24998474214
32768,16384,worst,wbs::sbs,5.6165695,5.5915296,5.9824598,5,,,4096.24998474214
65536,32768,flat,binsegRcpp.list,2.5526787,2.5444913,2.5669018,5,,,6185.97900949195
65536,32768,flat,binsegRcpp.multiset,0.0799137,0.0770166,0.082621,5,,,6185.97900949195
65536,32768,flat,fpop::multiBinSeg,0.0563785,0.055567,0.0564541,5,,,6505.23259742523
65536,32768,flat,ruptures.cumsum,277.8635611,266.4330309,280.312524,5,,,23642.6841355168
65536,32768,flat,wbs::sbs,0.0632497,0.0617931,0.0641783,5,,,6185.97900949195
65536,32768,best,binsegRcpp.list,3.6426529,3.5905439,3.7119542,5,,,16384
65536,32768,best,binsegRcpp.multiset,0.0475203,0.0460333,0.0498937,5,,,16384
65536,32768,best,fpop::multiBinSeg,0.0346008,0.0345549,0.0347114,5,,,16384
65536,32768,best,ruptures.cumsum,218.3883387,208.4743675,224.8994747,5,,,16384
65536,32768,best,wbs::sbs,0.0274311,0.027113,0.0284363,5,,,16384
65536,32768,worst,binsegRcpp.list,21.0417128,20.6749314,26.1845822,5,,,8192.24999237084
65536,32768,worst,binsegRcpp.multiset,20.8001235,20.5909631,20.8655296,5,,,8192.24999237084
65536,32768,worst,fpop::multiBinSeg,15.0721106,14.216362,19.44946,5,,,8192.24999237084
65536,32768,worst,wbs::sbs,23.8039836,22.3970023,24.7324033,5,,,8192.24999237084
131072,65536,flat,binsegRcpp.list,11.3483897,11.2946839,11.427086,5,,,12214.4237810839
131072,65536,flat,binsegRcpp.multiset,0.1771641,0.1680555,0.1941102,5,,,12214.4237810839
131072,65536,flat,fpop::multiBinSeg,0.1418858,0.1270475,0.1570808,5,,,12853.1190234863
131072,65536,flat,wbs::sbs,0.1313862,0.1282671,0.1347959,5,,,12214.4237810839
131072,65536,best,binsegRcpp.list,18.2261492,17.9417361,18.5633542,5,,,32768
131072,65536,best,binsegRcpp.multiset,0.0864113,0.0804465,0.0921772,5,,,32768
131072,65536,best,fpop::multiBinSeg,0.0772666,0.074542,0.0814108,5,,,32768
131072,65536,best,wbs::sbs,0.0522537,0.0517119,0.0563764,5,,,32768
131072,65536,worst,binsegRcpp.list,83.057831,78.5947987,83.6133968,5,,,16384.2499961854
131072,65536,worst,binsegRcpp.multiset,82.8649735,73.87854,83.4326276,5,,,16384.2499961854
131072,65536,worst,fpop::multiBinSeg,53.9417889,53.5483489,59.56639,5,,,16384.2499961854
131072,65536,worst,wbs::sbs,93.4428819,89.6860006,95.4028473,5,,,16384.2499961854
262144,131072,flat,binsegRcpp.list,47.8574143,47.5724441,48.8174907,5,,,24177.4026963112
262144,131072,flat,binsegRcpp.multiset,0.3549901,0.3503915,0.3594258,5,,,24177.4026963112
262144,131072,flat,fpop::multiBinSeg,0.2689557,0.2686196,0.2716661,5,,,25652.2199034727
262144,131072,flat,wbs::sbs,0.2681735,0.2666785,0.2683557,5,,,24177.4026963112
262144,131072,best,binsegRcpp.list,88.4727522,87.0951404,89.3631844,5,,,65536
262144,131072,best,binsegRcpp.multiset,0.1602197,0.1575657,0.1637103,5,,,65536
262144,131072,best,fpop::multiBinSeg,0.147725,0.1454497,0.1485159,5,,,65536
262144,131072,best,wbs::sbs,0.0999915,0.0988105,0.1008038,5,,,65536
262144,131072,worst,binsegRcpp.list,296.3044481,295.094817,337.5261869,5,,,32768.2499980927
262144,131072,worst,binsegRcpp.multiset,295.0841963,294.9036474,295.6265605,5,,,32768.2499980927
262144,131072,worst,fpop::multiBinSeg,225.2025835,215.4846011,256.9659192,5,,,32768.2499980927
262144,131072,worst,wbs::sbs,362.7938404,360.4723849,383.1063394,5,,,32768.2499980927
524288,262144,flat,binsegRcpp.list,472.4609923,469.069672,561.1277783,5,,,48110.750076864
524288,262144,flat,binsegRcpp.multiset,0.9664048,0.9567118,0.9680833,5,,,48110.750076864
524288,262144,flat,fpop::multiBinSeg,0.7403794,0.738492,0.7497824,5,,,51121.9091188807
524288,262144,flat,wbs::sbs,0.7645886,0.7639992,0.7650205,5,,,48110.750076864
524288,262144,best,binsegRcpp.list,639.9895545,625.3976895,794.2612019,5,,,131072
524288,262144,best,binsegRcpp.multiset,0.3247146,0.3227945,0.3689457,5,,,131072
524288,262144,best,fpop::multiBinSeg,0.3109765,0.3096911,0.3146544,5,,,131072
524288,262144,best,wbs::sbs,0.226744,0.2064945,0.2311337,5,,,131072
1048576,524288,flat,binsegRcpp.multiset,2.7183475,2.7162776,3.0387891,5,,,96383.7800603986
1048576,524288,flat,fpop::multiBinSeg,2.0971196,2.0933825,2.1044097,5,,,104801.777217618
1048576,524288,flat,wbs::sbs,2.2567221,2.2534963,2.2689145,5,,,96383.7800603986
1048576,524288,best,binsegRcpp.multiset,0.672155,0.6648811,0.6796093,5,,,262144
1048576,524288,best,fpop::multiBinSeg,0.6531585,0.648335,0.6625799,5,,,262144
1048576,524288,best,wbs::sbs,0.4252999,0.4178249,0.6923477,5,,,262144
